rgn_id,value
1,0.0549176272004843
2,0.087587430793792
3,0.0143474352546036
4,0.0380181829910725
5,0.0298220166936517
6,0.0769882671069354
7,0.0327972644474357
8,0.148957365890965
9,0.0361075041349977
10,0.0250764286145568
11,0.189526543673128
12,0.00421177456155419
14,0.0649452702142298
15,0.199996015010402
16,0.000688782753422856
17,0.0892071291804314
